name,birthday,nationality
John Doe,1990-05-14,USA
Mary Smith,1987-03-22,UK
Lucas Silva,1992-11-08,BRAZIL
Emily Johnson,1984-07-15,USA
David Brown,1995-01-02,UK
Ana Souza,1989-04-18,BRAZIL
Robert Wilson,1991-12-25,USA
Victoria Evans,1985-06-30,UK
Felipe Santos,1993-09-17,BRAZIL
James Taylor,1986-10-11,USA
Isabella Clark,1990-02-20,UK
Ricardo Oliveira,1987-08-05,BRAZIL
Christopher Moore,1994-03-13,USA
Sophia King,1989-12-29,UK
Matheus Costa,1991-04-10,BRAZIL
Daniel Harris,1996-05-06,USA
Alice Scott,1983-11-19,UK
Gabriel Gomes,1992-02-09,BRAZIL
Thomas Young,1988-09-25,USA
Chloe Lewis,1993-07-21,UK
Renato Pereira,1990-01-15,BRAZIL
Paul Hall,1986-08-17,USA
Olivia Turner,1991-12-02,UK
Carlos Mendes,1993-06-30,BRAZIL
Mark Allen,1994-04-09,USA
Jessica Roberts,1985-02-27,UK
Bruno Ferreira,1988-10-23,BRAZIL
Steven Lee,1991-07-18,USA
Sophie Walker,1987-09-14,UK
Rafael Lima,1995-03-31,BRAZIL
Ryan Adams,1992-05-10,USA
Grace Hill,1984-11-03,UK
Pedro Souza,1989-01-26,BRAZIL
Michael Miller,1993-12-13,USA
Ella Green,1990-06-09,UK
Gustavo Rocha,1992-08-04,BRAZIL
Patrick White,1987-11-22,USA
Amelia Thompson,1989-07-19,UK
Thiago Ribeiro,1991-05-29,BRAZIL
Nathan Martinez,1994-01-04,USA
Mia Collins,1986-09-26,UK
Diego Alves,1988-12-17,BRAZIL
Jason Rodriguez,1992-03-22,USA
Lily Baker,1990-10-14,UK
Eduardo Carvalho,1987-02-09,BRAZIL
Aaron Cox,1995-08-25,USA
Ruby Nelson,1993-11-10,UK
Andre Lima,1991-06-07,BRAZIL
